Timestamp,Characters_Played,Years_Played,Age,Gender,Race,Homebrew_Race,Primary_Class,Secondary_Class,Alignment
2019/03/25 1:44:33 PM CST,4,5,23,Female,Drow,,Rogue,Bard,Neutral Evil
2019/03/25 1:49:45 PM CST,2,2,27,Female,Tiefling,,Rogue,,True Neutral
2019/03/25 1:53:55 PM CST,3,2,26,Female,Human,,Wizard,,Neutral Good
2019/03/25 1:56:20 PM CST,9,4,21,Female,Human,,Homebrew,Thief,Chaotic Neutral
2019/03/25 1:56:35 PM CST,100,31,39,Male,Dwarf,,Barbarian,,True Neutral
2019/03/25 1:59:06 PM CST,6,3,29,Male,Aasimar,,Fighter,Rogue,Chaotic Neutral
2019/03/25 1:59:37 PM CST,50,10,28,Male,Human,,Cleric,,Lawful Good
2019/03/25 2:00:31 PM CST,3,2,25,Non-Binary,Homebrew,Doppleganger,Ranger,,Chaotic Neutral
2019/03/25 2:00:56 PM CST,8,2,33,Male,Kenku,,Monk,,True Neutral
2019/03/25 2:01:20 PM CST,15,2,28,Female,Homebrew,Changeling,Homebrew,Mystic,Chaotic Neutral
2019/03/25 2:06:58 PM CST,1,1,37,Male,Human,,Paladin,,Neutral Good
2019/03/25 2:06:59 PM CST,3,3,30,Male,Homebrew,Phoelarch,Ranger,,Lawful Neutral
2019/03/25 2:24:56 PM CST,25,7,26,Male,Dwarf,,Paladin,,Lawful Good
2019/03/25 2:33:54 PM CST,5,5,26,Female,Homebrew,Gebbi,Bard,,Lawful Evil
2019/03/25 2:38:35 PM CST,100,29,41,Male,Drow,,Rogue,,Neutral Evil
2019/03/25 2:43:24 PM CST,8,1,27,Non-Binary,Human,,Bard,,Neutral Good
2019/03/25 2:43:45 PM CST,5,3,29,Male,Homebrew,Tortle,Druid,,Lawful Neutral
2019/03/25 3:30:42 PM CST,30,13,25,Female,Dragonborn,,Druid,,Lawful Neutral
2019/03/25 3:31:44 PM CST,7,3,22,Non-Binary,Tiefling,,Bard,,Chaotic Good
2019/03/25 3:33:18 PM CST,40,10,28,Female,Elf,,Ranger,,True Neutral
2019/03/25 3:34:13 PM CST,37,8,25,Female,Elf,,Druid,,Lawful Neutral
2019/03/25 3:35:14 PM CST,30,11,28,Female,Half-Elf,,Bard,,Chaotic Neutral
2019/03/25 3:36:04 PM CST,35,12,22,Female,Firbolg,,Paladin,,Lawful Good
2019/03/25 3:37:50 PM CST,28,10,26,Female,Half-Orc,,Barbarian,,Chaotic Good
2019/03/25 3:39:17 PM CST,29,13,28,Female,Elf,,Wizard,,Chaotic Good
2019/03/25 3:43:11 PM CST,5,2,23,Female,Firbolg,,Monk,,Neutral Good
2019/03/25 3:46:17 PM CST,5,6,29,Female,Dragonborn,,Barbarian,,Chaotic Good
2019/03/25 3:47:35 PM CST,5,8,22,Non-Binary,Drow,,Rogue,,True Neutral
2019/03/25 3:49:39 PM CST,22,7,25,Female,Dwarf,,Bard,,Chaotic Good
2019/03/25 3:51:58 PM CST,17,17,32,Female,Dragonborn,,Monk,,True Neutral
2019/03/25 3:53:36 PM CST,3,10,28,Female,Drow,,Ranger,,Chaotic Evil
2019/03/25 3:55:21 PM CST,6,13,28,Female,Firbolg,,Monk,,Neutral Evil
2019/03/25 3:56:57 PM CST,48,11,31,Female,Elf,,Sorcerer,,Chaotic Evil
2019/03/25 3:58:05 PM CST,65,16,32,Female,Goliath,,Barbarian,,True Neutral
2019/03/25 3:59:08 PM CST,60,15,32,Female,Elf,,Druid,,Neutral Good
2019/03/25 4:00:08 PM CST,60,14,28,Female,Dragonborn,,Bard,,Chaotic Good
2019/03/25 4:01:33 PM CST,60,14,28,Female,Dragonborn,,Bard,,Chaotic Good
2019/03/25 4:02:37 PM CST,52,1,25,Female,Dwarf,,Paladin,,Chaotic Good
2019/03/25 4:03:32 PM CST,9,2,33,Female,Elf,,Wizard,,Lawful Evil
2019/03/25 4:04:03 PM CST,13,4,22,Female,Elf,,Fighter,,Chaotic Good
2019/03/25 4:04:32 PM CST,75,14,32,Female,Elf,,Paladin,,Lawful Evil
2019/03/25 4:10:01 PM CST,22,16,34,Female,Elf,,Wizard,,Chaotic Good
2019/03/25 4:11:14 PM CST,3,14,31,Female,Dragonborn,,Paladin,,True Neutral
2019/03/25 4:11:57 PM CST,1,16,28,Female,Dragonborn,,Cleric,,Neutral Good
2019/03/25 4:12:26 PM CST,1,9,25,Female,Firbolg,,Ranger,,True Neutral
2019/03/25 4:13:06 PM CST,2,12,22,Female,Half-Elf,,Barbarian,,Chaotic Evil
2019/03/25 4:14:34 PM CST,7,5,27,Female,Tiefling,,Warlock,,True Neutral
2019/03/25 4:15:35 PM CST,1,5,28,Female,Aasimar,,Cleric,,Lawful Evil
2019/03/25 4:16:01 PM CST,12,6,22,Female,Elf,,Wizard,,Chaotic Good
2019/03/25 4:16:32 PM CST,4,5,20,Female,Goliath,,Ranger,,Neutral Evil
2019/03/25 4:17:03 PM CST,4,3,21,Female,Elf,,Sorcerer,,Neutral Evil
2019/03/25 4:17:32 PM CST,17,9,25,Female,Dragonborn,,Fighter,,Lawful Evil
2019/03/25 4:18:14 PM CST,19,8,24,Female,Half-Elf,,Monk,,Lawful Good
2019/03/25 4:18:52 PM CST,30,13,26,Female,Drow,,Ranger,,Lawful Evil
2019/03/25 4:20:33 PM CST,2,9,22,Female,Tiefling,,Rogue,,Chaotic Good
2019/03/25 4:26:09 PM CST,20,8,28,Female,Tiefling,,Warlock,,True Neutral
2019/03/25 6:35:29 PM CST,4,1,26,Female,Half-Elf,,Sorcerer,,Lawful Neutral
2019/03/25 8:12:55 PM CST,2,2,27,Female,Tiefling,,Rogue,,True Neutral
2019/03/26 1:45:52 PM CST,10,10,29,Non-Binary,Homebrew,Gnoll,Warlock,,Chaotic Neutral
2019/03/26 1:47:47 PM CST,1,1,16,Non-Binary,Drow,,Rogue,,Chaotic Neutral
2019/03/26 1:48:12 PM CST,6,4,28,Female,Dragonborn,,Bard,,Neutral Good
2019/03/26 1:48:42 PM CST,4,3,21,Female,Tiefling,,Cleric,,Neutral Good
2019/03/26 1:50:26 PM CST,8,3,21,Non-Binary,Tiefling,,Druid,,Chaotic Good
2019/03/26 1:51:00 PM CST,5,4,20,Male,Genasi,,Homebrew,Alchemist,Chaotic Good
2019/03/26 1:51:32 PM CST,100,6,23,Non-Binary,Tiefling,,Rogue,,Chaotic Good
2019/03/26 1:51:36 PM CST,6,3,24,Male,Goblin,,Sorcerer,,Chaotic Good
2019/03/26 1:51:54 PM CST,12,6,24,Non-Binary,Half-Elf,,Bard,,Neutral Good
2019/03/26 1:52:48 PM CST,50,15,24,Male,Tiefling,,Bard,,Chaotic Good
2019/03/26 1:52:55 PM CST,10,5,17,Female,Drow,,Fighter,Bard,Chaotic Good
2019/03/26 1:53:18 PM CST,5,2,24,Female,Human,,Monk,,Neutral Good
2019/03/26 1:53:33 PM CST,4,2,22,Agender,Tiefling,,Fighter,,Neutral Good
2019/03/26 1:53:44 PM CST,13,3,19,Female,Elf,,Wizard,,Chaotic Good
2019/03/26 1:53:53 PM CST,4,4,23,Female,Tiefling,,Homebrew,Blood Hunter,Chaotic Good
2019/03/26 1:54:09 PM CST,4,1,19,Female,Halfling,,Ranger,,Lawful Neutral
2019/03/26 1:54:12 PM CST,2,3,29,Female,Drow,,Rogue,,Chaotic Neutral
2019/03/26 1:55:55 PM CST,2,4,22,Non-Binary,Half-Orc,,Bard,,Lawful Neutral
2019/03/26 1:56:14 PM CST,3,2,19,Non-Binary,Aarakocra,,Homebrew,Blood Hunter,Lawful Good
2019/03/26 1:57:17 PM CST,2,1,21,Male,Human,,Bard,,True Neutral
2019/03/26 1:58:36 PM CST,3,1,22,Female,Half-Elf,,Rogue,,Chaotic Neutral
2019/03/26 1:58:54 PM CST,26,7,25,Non-Binary,Human,,Bard,,Chaotic Good
2019/03/26 1:59:57 PM CST,8,6,27,Male,Human,,Fighter,,Neutral Good
2019/03/26 10:12:31 PM CST,4,1,21,Female,Dwarf,,Paladin,,Lawful Good
2019/03/26 10:27:13 PM CST,1,1,23,Non-Binary,Homebrew,Changeling,Rogue,,Chaotic Neutral
2019/03/26 10:31:14 PM CST,20,6,23,Male,Genasi,,Sorcerer,,Neutral Good
2019/03/26 10:32:49 AM CST,40,4,26,Male,Human,,Homebrew,Brawler,Lawful Good
2019/03/26 10:36:10 PM CST,3,4,27,Female,Half-Elf,,Ranger,,Neutral Good
2019/03/26 10:37:52 PM CST,5,6,28,Male,Tiefling,,Paladin,,Neutral Good
2019/03/26 10:43:01 PM CST,4,3,25,Non-Binary,Gnome,,Wizard,,True Neutral
2019/03/26 10:46:55 PM CST,1,1,27,Non-Binary,Dwarf,,Rogue,,Chaotic Neutral
2019/03/26 11:24:39 PM CST,7,2,25,Female,Halfling,,Rogue,,Chaotic Good
2019/03/26 11:27:48 PM CST,8,6,19,Non-Binary,Genasi,,Rogue,,Neutral Evil
2019/03/26 11:32:29 AM CST,2,2,16,Female,Elf,,Fighter,,Chaotic Neutral
2019/03/26 11:37:54 PM CST,3,2,18,Genderfluid,Elf,,Druid,,Chaotic Neutral
2019/03/26 11:40:28 AM CST,5,1,26,Female,Human,,Cleric,Rogue,True Neutral
2019/03/26 11:47:08 PM CST,10,6,25,Non-Binary,Human,,Bard,,Chaotic Neutral
2019/03/26 11:52:12 PM CST,1,3,27,Female,Halfling,,Warlock,,True Neutral
2019/03/26 11:55:11 PM CST,7,2,18,Non-Binary,Homebrew,Rito,Homebrew,Swashbuckler,Neutral Good
2019/03/26 2:00:15 PM CST,2,1,21,Female,Human,,Ranger,,Chaotic Good
2019/03/26 2:01:42 PM CST,2,3,21,Female,Human,,Rogue,Fighter,Chaotic Neutral
2019/03/26 2:04:23 PM CST,2,1,15,Male,Kenku,,Rogue,,Chaotic Evil
2019/03/26 2:04:43 PM CST,3,5,23,Non-Binary,Homebrew,Thri-kreen,Fighter,,Neutral Good
2019/03/26 2:05:56 PM CST,6,4,25,Female,Human,,Paladin,,Lawful Good
2019/03/26 2:07:31 PM CST,3,1,16,Female,Elf,,Ranger,,Neutral Good
2019/03/26 2:08:06 PM CST,12,20,34,Female,Half-Elf,,Ranger,,Chaotic Good
2019/03/26 2:08:37 PM CST,10,3,27,Male,Half-Elf,,Barbarian,,Chaotic Neutral
2019/03/26 2:09:19 PM CST,10,4,20,Non-Binary,Tiefling,,Bard,,Chaotic Good
2019/03/26 2:10:09 PM CST,1,1,27,Female,Half-Elf,,Warlock,,Neutral Good
2019/03/26 2:10:49 PM CST,4,10,23,Female,Human,,Wizard,,Chaotic Good
2019/03/26 2:10:55 PM CST,7,2,20,Non-Binary,Aarakocra,,Rogue,,Neutral Good
2019/03/26 2:12:06 PM CST,1,1,23,Non-Binary,Elf,,Ranger,,Chaotic Good
2019/03/26 2:12:51 PM CST,3,1,18,Female,Gnome,,Sorcerer,,Chaotic Good
2019/03/26 2:13:02 PM CST,5,3,19,Female,Firbolg,,Sorcerer,,Neutral Good
2019/03/26 2:13:06 PM CST,15,5,18,Female,Tiefling,,Bard,,Lawful Evil
2019/03/26 2:14:28 PM CST,3,2,22,Male,Human,,Wizard,,Neutral Good
2019/03/26 2:14:32 PM CST,5,2,17,Female,Dragonborn,,Warlock,,Neutral Evil
2019/03/26 2:15:20 PM CST,10,6,23,Female,Kenku,,Ranger,,Chaotic Neutral
2019/03/26 2:15:51 PM CST,6,1,19,Male,Homebrew,Centaur,Cleric,,Lawful Neutral
2019/03/26 2:16:18 PM CST,9,1,24,Non-Binary,Tiefling,,Cleric,,Chaotic Good
2019/03/26 2:17:56 PM CST,4,7,20,Female,Human,,Warlock,,Lawful Neutral
2019/03/26 2:18:31 PM CST,12,4,22,Male,Homebrew,Skeleton,Sorcerer,,Chaotic Good
2019/03/26 2:19:09 PM CST,4,3,22,Male,Tabaxi,,Ranger,,True Neutral
2019/03/26 2:20:03 PM CST,8,4,25,Female,Gnome,,Homebrew,Alchemist,Chaotic Neutral
2019/03/26 2:20:24 PM CST,5,4,25,Non-Binary,Homebrew,Githzerai,Rogue,,Chaotic Neutral
2019/03/26 2:21:03 PM CST,13,8,17,Female,Aarakocra,,Cleric,,Chaotic Good
2019/03/26 2:23:04 PM CST,3,2,21,Male,Dragonborn,,Paladin,,Chaotic Good
2019/03/26 2:23:50 PM CST,3,2,26,Female,Dwarf,,Barbarian,,Neutral Good
2019/03/26 2:25:05 PM CST,4,2,19,Female,Tiefling,,Warlock,,Chaotic Neutral
2019/03/26 2:25:28 PM CST,2,1,20,Female,Genasi,,Cleric,,Chaotic Neutral
2019/03/26 2:25:41 PM CST,12,6,22,Female,Tiefling,,Bard,,Chaotic Good
2019/03/26 2:26:18 PM CST,3,1,17,Non-Binary,Half-Elf,,Ranger,,Chaotic Neutral
2019/03/26 2:26:50 PM CST,7,9,30,Male,Tabaxi,,Cleric,,Neutral Good
2019/03/26 2:28:54 PM CST,3,4,24,Female,Half-Orc,,Bard,,Lawful Good
2019/03/26 2:29:04 PM CST,25,14,23,Non-Binary,Tiefling,,Rogue,,True Neutral
2019/03/26 2:29:18 PM CST,3,2,26,Male,Homebrew,Gnoll,Rogue,,Neutral Good
2019/03/26 2:29:58 PM CST,3,5,18,Female,Half-Elf,,Warlock,,Neutral Good
2019/03/26 2:30:02 PM CST,3,5,18,Female,Half-Elf,,Warlock,,Neutral Good
2019/03/26 2:30:06 PM CST,6,2,18,Male,Tiefling,,Wizard,,Lawful Neutral
2019/03/26 2:31:04 PM CST,2,1,23,Female,Human,,Fighter,,Chaotic Good
2019/03/26 2:32:21 PM CST,12,8,24,Female,Human,,Wizard,,Lawful Evil
2019/03/26 2:32:51 PM CST,11,1,22,Non-Binary,Tiefling,,Rogue,,Chaotic Neutral
2019/03/26 2:32:58 PM CST,7,5,19,Female,Human,,Rogue,,Chaotic Neutral
2019/03/26 2:34:50 PM CST,3,1,20,Female,Human,,Ranger,,Chaotic Good
2019/03/26 2:35:08 PM CST,1,2,20,Non-Binary,Halfling,,Ranger,,Neutral Good
2019/03/26 2:35:34 PM CST,2,1,18,Male,Homebrew,Lapine,Druid,,Neutral Good
2019/03/26 2:36:18 PM CST,3,2,21,Male,Genasi,,Rogue,,Chaotic Neutral
2019/03/26 2:36:59 PM CST,5,3,28,Female,Tabaxi,,Cleric,,True Neutral
2019/03/26 2:38:02 PM CST,1,1,28,Male,Dwarf,,Barbarian,,Chaotic Good
2019/03/26 2:39:49 PM CST,5,2,16,Male,Elf,,Wizard,Fighter,Chaotic Good
2019/03/26 2:40:48 PM CST,1,2,18,Female,Human,,Bard,,Neutral Good
2019/03/26 2:43:32 PM CST,12,8,28,Female,Aasimar,,Monk,,Neutral Good
2019/03/26 2:43:41 PM CST,5,5,20,Non-Binary,Human,,Paladin,,Neutral Good
2019/03/26 2:44:37 PM CST,5,3,20,Male,Elf,,Ranger,,Lawful Good
2019/03/26 2:45:13 PM CST,4,4,17,Male,Homebrew,Aven,Warlock,,Neutral Good
2019/03/26 2:47:18 PM CST,8,12,30,Male,Halfling,,Rogue,,Chaotic Good
2019/03/26 2:47:21 PM CST,1,1,25,Male,Orc,,Fighter,,Neutral Good
2019/03/26 2:49:37 PM CST,25,5,21,Male,Tiefling,,Homebrew,Spell Thief,Chaotic Neutral
2019/03/26 2:49:59 PM CST,5,3,21,Female,Tiefling,,Cleric,,Neutral Good
2019/03/26 2:50:56 PM CST,8,1,17,Male,Dwarf,,Homebrew,Blood Hunter,Chaotic Good
2019/03/26 2:51:26 PM CST,9,8,18,Female,Elf,,Monk,,True Neutral
2019/03/26 2:51:27 PM CST,3,4,21,Male,Gnome,,Homebrew,Alchemist,Neutral Good
2019/03/26 2:54:51 PM CST,6,7,24,Male,Kenku,,Wizard,Rogue,Chaotic Neutral
2019/03/26 2:55:01 PM CST,1,2,16,Female,Tiefling,,Sorcerer,Rogue,Chaotic Neutral
2019/03/26 2:55:54 PM CST,8,2,26,Female,Tiefling,,Warlock,,True Neutral
2019/03/26 3:00:51 PM CST,7,4,22,Female,Homebrew,Seedling,Homebrew,Mystic,True Neutral
2019/03/26 3:01:02 PM CST,5,2,18,Female,Elf,,Bard,Cleric,Lawful Good
2019/03/26 3:01:40 PM CST,5,6,22,Non-Binary,Half-Elf,,Druid,,Chaotic Neutral
2019/03/26 3:01:42 PM CST,4,1,22,Female,Elf,,Rogue,,Chaotic Neutral
2019/03/26 3:01:46 PM CST,4,3,21,Non-Binary,Kenku,,Cleric,,Chaotic Good
2019/03/26 3:02:19 PM CST,5,2,18,Prefer not to say,Dwarf,,Rogue,,Chaotic Good
2019/03/26 3:04:25 PM CST,2,3,23,Male,Gnome,,Fighter,,Neutral Good
2019/03/26 3:05:26 PM CST,2,2,27,Male,Half-Orc,,Homebrew,Shaman,Chaotic Good
2019/03/26 3:05:34 PM CST,5,3,22,Female,Elf,,Warlock,Fighter,Chaotic Neutral
2019/03/26 3:06:01 PM CST,15,5,24,Non-Binary,Triton,,Rogue,,Chaotic Neutral
2019/03/26 3:07:08 PM CST,1,1,15,Male,Human,,Bard,,Neutral Good
2019/03/26 3:07:16 PM CST,6,5,24,Non-Binary,Tiefling,,Sorcerer,,True Neutral
2019/03/26 3:07:37 PM CST,2,1,20,Non-Binary,Half-Orc,,Paladin,Warlock,Chaotic Good
2019/03/26 3:10:58 PM CST,6,8,30,Female,Halfling,,Rogue,,Chaotic Neutral
2019/03/26 3:12:02 PM CST,1,1,19,Female,Homebrew,Changeling,Sorcerer,,Chaotic Good
2019/03/26 3:13:08 PM CST,5,3,21,Male,Tiefling,,Monk,,Chaotic Neutral
2019/03/26 3:15:45 PM CST,5,1,21,Female,Homebrew,Half-Tabaxi,Sorcerer,,True Neutral
2019/03/26 3:18:12 PM CST,100,19,28,Male,Aasimar,,Paladin,,Lawful Evil
2019/03/26 3:21:37 PM CST,2,2,20,Prefer not to say,Gnome,,Sorcerer,,True Neutral
2019/03/26 3:21:48 PM CST,50,6,25,Non-Binary,Drow,,Rogue,,True Neutral
2019/03/26 3:22:00 PM CST,3,1,19,Female,Half-Orc,,Bard,,Chaotic Good
2019/03/26 3:22:00 PM CST,5,3,24,Female,Tiefling,,Rogue,,Neutral Good
2019/03/26 3:22:26 PM CST,11,2,22,Non-Binary,Human,,Homebrew,Alchemist,True Neutral
2019/03/26 3:24:05 PM CST,2,4,19,Non-Binary,Gnome,,Cleric,,Lawful Neutral
2019/03/26 3:25:33 PM CST,3,2,19,Male,Half-Orc,,Paladin,,Lawful Good
2019/03/26 3:25:35 PM CST,5,6,16,Male,Half-Orc,,Fighter,,Chaotic Neutral
2019/03/26 3:25:51 PM CST,1,1,16,Female,Tiefling,,Barbarian,,Chaotic Neutral
2019/03/26 3:25:51 PM CST,4,4,20,Male,Drow,,Sorcerer,,Chaotic Neutral
2019/03/26 3:26:01 PM CST,3,2,18,Male,Lizardfolk,,Druid,Barbarian,True Neutral
2019/03/26 3:26:06 PM CST,7,4,17,Male,Drow,,Homebrew,Alchemist,Lawful Neutral
2019/03/26 3:26:49 PM CST,3,3,23,Male,Gnome,,Bard,,Chaotic Good
2019/03/26 3:28:39 PM CST,2,1,19,Female,Genasi,,Sorcerer,,True Neutral
2019/03/26 3:30:46 PM CST,7,2,28,Genderfluid,Tiefling,,Cleric,,Chaotic Good
2019/03/26 3:30:57 PM CST,2,2,18,Non-Binary,Elf,,Cleric,,Neutral Good
2019/03/26 3:31:35 PM CST,17,5,22,Female,Human,,Paladin,,Lawful Good
2019/03/26 3:32:37 PM CST,1,1,25,Non-Binary,Half-Orc,,Barbarian,,Chaotic Good
2019/03/26 3:33:03 PM CST,3,1,25,Female,Halfling,,Ranger,,Chaotic Good
2019/03/26 3:33:06 PM CST,15,2,30,Female,Human,,Cleric,,Chaotic Good
2019/03/26 3:34:16 PM CST,4,4,25,Female,Elf,,Druid,,True Neutral
2019/03/26 3:34:46 PM CST,7,3,19,Female,Tiefling,,Ranger,,Chaotic Evil
2019/03/26 3:35:10 PM CST,10,8,24,Female,Drow,,Rogue,,Chaotic Good
2019/03/26 3:35:14 PM CST,17,16,33,Female,Human,,Sorcerer,,Neutral Good
2019/03/26 3:35:23 PM CST,12,6,25,Female,Firbolg,,Monk,,Neutral Good
2019/03/26 3:35:43 PM CST,4,1,28,Female,Half-Orc,,Fighter,,Chaotic Good
2019/03/26 3:35:58 PM CST,16,11,28,Female,Dragonborn,,Paladin,,True Neutral
2019/03/26 3:36:22 PM CST,8,12,27,Female,Genasi,,Fighter,,Lawful Neutral
2019/03/26 3:36:43 PM CST,3,6,25,Female,Goliath,,Warlock,,Neutral Evil
2019/03/26 3:37:02 PM CST,7,4,28,Female,Half-Elf,,Rogue,,True Neutral
2019/03/26 3:37:04 PM CST,5,4,21,Female,Human,,Paladin,,Lawful Good
2019/03/26 3:37:15 PM CST,5,8,20,Female,Genasi,,Cleric,,Chaotic Evil
2019/03/26 3:37:29 PM CST,22,15,28,Female,Tiefling,,Wizard,,Neutral Evil
2019/03/26 3:37:53 PM CST,8,5,28,Female,Gnome,,Bard,,Chaotic Evil
2019/03/26 3:38:12 PM CST,36,2,18,Non-Binary,Half-Orc,,Homebrew,Blood Hunter,Chaotic Good
2019/03/26 3:38:40 PM CST,3,1,17,Female,Half-Orc,,Homebrew,Necromancer,Chaotic Good
2019/03/26 3:38:42 PM CST,10,2,19,Male,Tiefling,,Rogue,,Chaotic Good
2019/03/26 3:40:51 PM CST,10,3,19,Male,Half-Elf,,Warlock,,Neutral Good
2019/03/26 3:41:11 PM CST,2,1,22,Female,Human,,Paladin,,Lawful Neutral
2019/03/26 3:42:46 PM CST,4,3,21,Female,Tiefling,,Sorcerer,,True Neutral
2019/03/26 3:43:18 PM CST,12,18,30,Non-Binary,Homebrew,Cat-Folk,Monk,,Lawful Good
2019/03/26 3:44:40 PM CST,3,2,18,Female,Triton,,Druid,,Chaotic Good
2019/03/26 3:44:40 PM CST,6,4,19,Male,Lizardfolk,,Paladin,,Neutral Good
2019/03/26 3:44:44 PM CST,19,3,20,Female,Half-Orc,,Barbarian,,Chaotic Good
2019/03/26 3:45:18 PM CST,5,3,16,Female,Half-Elf,,Cleric,,Chaotic Neutral
2019/03/26 3:45:28 PM CST,3,2,21,Non-Binary,Tiefling,,Sorcerer,,Chaotic Neutral
2019/03/26 3:45:55 PM CST,2,2,15,Non-Binary,Homebrew,Kalashtar,Homebrew,Blood Hunter,Chaotic Good
2019/03/26 3:46:04 PM CST,7,8,25,Non-Binary,Tiefling,,Fighter,,True Neutral
2019/03/26 3:46:24 PM CST,20,5,17,Female,Human,,Warlock,,Chaotic Good
2019/03/26 3:47:15 PM CST,5,1,22,Female,Drow,,Wizard,,Chaotic Neutral
2019/03/26 3:47:33 PM CST,5,2,23,Non-Binary,Halfling,,Ranger,,True Neutral
2019/03/26 3:48:05 PM CST,2,1,21,Male,Human,,Fighter,,Neutral Good
2019/03/26 3:49:07 PM CST,3,4,26,Female,Gnome,,Druid,,Chaotic Good
2019/03/26 3:50:49 PM CST,23,2,15,Male,Genasi,,Ranger,,Neutral Good
2019/03/26 3:51:55 PM CST,5,2,20,Non-Binary,Elf,,Druid,,Chaotic Good
2019/03/26 3:52:06 PM CST,6,6,22,Female,Tiefling,,Cleric,,Chaotic Good
2019/03/26 3:53:30 PM CST,3,4,19,Male,Elf,,Wizard,,Chaotic Good
2019/03/26 3:53:42 PM CST,30,10,22,Male,Firbolg,,Druid,Ranger,Neutral Good
2019/03/26 3:54:16 PM CST,1,2,20,Prefer not to say,Halfling,,Rogue,,True Neutral
2019/03/26 3:55:18 PM CST,4,3,23,Non-Binary,Half-Orc,,Bard,,Neutral Good
2019/03/26 3:55:36 PM CST,10,5,18,Female,Aarakocra,,Cleric,,True Neutral
2019/03/26 3:57:24 PM CST,3,2,24,Female,Tiefling,,Paladin,,Chaotic Good
2019/03/26 3:57:36 PM CST,3,1,16,Female,Human,,Rogue,,True Neutral
2019/03/26 3:58:42 PM CST,3,2,21,Female,Human,,Wizard,,Neutral Good
2019/03/26 3:59:04 PM CST,11,8,31,Non-Binary,Tiefling,,Rogue,,True Neutral
2019/03/26 3:59:15 PM CST,3,4,22,Male,Homebrew,Ogrillon,Cleric,,Lawful Neutral
2019/03/26 3:59:37 PM CST,3,2,27,Non-Binary,Half-Elf,,Wizard,,Chaotic Neutral
2019/03/26 4:00:12 PM CST,10,8,23,Female,Half-Elf,,Homebrew,Inquisitor,Lawful Neutral
2019/03/26 4:00:13 PM CST,8,4,20,Male,Half-Elf,,Ranger,,Chaotic Good
2019/03/26 4:00:21 PM CST,8,10,28,Female,Human,,Warlock,,Chaotic Good
2019/03/26 4:01:31 PM CST,2,1,18,Male,Drow,,Rogue,,Chaotic Neutral
2019/03/26 4:01:34 PM CST,4,1,24,Non-Binary,Dragonborn,,Sorcerer,,Chaotic Good
2019/03/26 4:01:41 PM CST,10,3,22,Non-Binary,Homebrew,Changeling,Warlock,,Chaotic Neutral
2019/03/26 4:01:55 PM CST,16,2,19,Male,Half-Elf,,Sorcerer,,Chaotic Good
2019/03/26 4:03:26 PM CST,1,1,18,Non-Binary,Elf,,Cleric,,Lawful Neutral
2019/03/26 4:03:44 PM CST,12,8,21,Female,Half-Orc,,Bard,,Chaotic Good
2019/03/26 4:03:52 PM CST,10,7,21,Female,Human,,Monk,Rogue,Chaotic Neutral
2019/03/26 4:05:42 PM CST,7,2,14,Non-Binary,Homebrew,Gnoll,Fighter,Cleric,Neutral Good
2019/03/26 4:05:49 PM CST,12,5,18,Male,Half-Elf,,Rogue,,Chaotic Neutral
2019/03/26 4:06:45 PM CST,3,2,20,Female,Gnome,,Rogue,,Chaotic Neutral
2019/03/26 4:07:33 PM CST,5,7,26,Female,Half-Elf,,Ranger,,True Neutral
2019/03/26 4:08:05 PM CST,10,2,23,Non-Binary,Dragonborn,,Bard,,Neutral Good
2019/03/26 4:08:11 PM CST,3,2,24,Female,Gnome,,Monk,,Neutral Good
2019/03/26 4:08:32 PM CST,2,5,25,Female,Elf,,Rogue,,Neutral Good
2019/03/26 4:09:08 PM CST,6,4,28,Female,Halfling,,Monk,,Lawful Good
2019/03/26 4:09:37 PM CST,60,14,29,Male,Human,,Wizard,,Neutral Good
2019/03/26 4:10:27 PM CST,19,4,18,Non-Binary,Dragonborn,,Cleric,,Neutral Good
2019/03/26 4:10:40 PM CST,30,4,21,Male,Kobold,,Homebrew,Alchemist,Lawful Evil
2019/03/26 4:12:18 PM CST,2,3,26,Female,Half-Elf,,Bard,,Chaotic Good
2019/03/26 4:12:20 PM CST,2,2,30,Male,Elf,,Druid,,Chaotic Good
2019/03/26 4:12:54 PM CST,3,5,36,Male,Human,,Bard,,True Neutral
2019/03/26 4:13:02 PM CST,50,3,15,Male,Human,,Fighter,,Lawful Good
2019/03/26 4:14:42 PM CST,3,1,21,Male,Elf,,Druid,,Neutral Good
2019/03/26 4:16:16 PM CST,6,15,26,Non-Binary,Dwarf,,Cleric,,Neutral Good
2019/03/26 4:17:20 PM CST,12,14,26,Male,Half-Elf,,Ranger,,Chaotic Good
2019/03/26 4:18:11 PM CST,6,7,25,Non-Binary,Homebrew,Oread (earth elemental) ,Paladin,,Lawful Good
2019/03/26 4:19:44 PM CST,50,8,22,Non-Binary,Homebrew,Spiderfolk,Warlock,,Neutral Evil
2019/03/26 4:21:52 PM CST,15,9,23,Male,Aasimar,,Warlock,,Chaotic Good
2019/03/26 4:22:51 PM CST,5,2,26,Male,Genasi,,Cleric,,Lawful Evil
2019/03/26 4:23:28 PM CST,8,3,17,Male,Half-Elf,,Sorcerer,,Chaotic Neutral
2019/03/26 4:25:00 PM CST,16,3,19,Male,Kobold,,Barbarian,,Chaotic Good
2019/03/26 4:30:10 PM CST,1,2,17,Female,Half-Elf,,Wizard,,Chaotic Neutral
2019/03/26 4:31:17 PM CST,5,3,15,Female,Aasimar,,Warlock,,Neutral Evil
2019/03/26 4:32:30 PM CST,5,3,24,Non-Binary,Aasimar,,Ranger,,Lawful Neutral
2019/03/26 4:38:03 PM CST,50,10,32,Prefer not to say,Human,,Ranger,,True Neutral
2019/03/26 4:40:15 PM CST,1,1,27,Female,Halfling,,Warlock,,Neutral Good
2019/03/26 4:40:59 PM CST,4,6,18,Non-Binary,Goblin,,Bard,,Chaotic Neutral
2019/03/26 4:41:23 PM CST,30,2,18,Female,Aasimar,,Wizard,,Chaotic Good
2019/03/26 4:42:28 PM CST,5,4,26,Non-Binary,Human,,Bard,,Chaotic Neutral
2019/03/26 4:44:22 PM CST,3,4,47,Female,Halfling,,Monk,,Chaotic Good
2019/03/26 4:48:57 PM CST,10,17,27,Male,Human,,Warlock,Fighter,Lawful Good
2019/03/26 4:49:18 PM CST,5,9,27,Male,Dragonborn,,Paladin,,Neutral Good
2019/03/26 4:51:29 PM CST,6,5,29,Female,Human,,Paladin,,Chaotic Neutral
2019/03/26 4:56:46 PM CST,14,5,19,Prefer not to say,Half-Orc,,Barbarian,,Chaotic Good
2019/03/26 4:59:33 PM CST,14,3,21,Male,Human,,Paladin,,Lawful Good
2019/03/26 5:00:52 PM CST,2,1,16,Female,Tiefling,,Sorcerer,,Chaotic Good
2019/03/26 5:02:42 PM CST,6,3,35,Non-Binary,Homebrew,Centaur,Paladin,,Lawful Good
2019/03/26 5:03:17 PM CST,10,10,19,Non-Binary,Dragonborn,,Druid,,True Neutral
2019/03/26 5:08:33 PM CST,11,2,19,Male,Tiefling,,Warlock,,Chaotic Good
2019/03/26 5:11:44 PM CST,8,4,23,Male,Human,,Monk,,Lawful Good
2019/03/26 5:12:12 PM CST,8,10,21,Male,Genasi,,Cleric,,Chaotic Neutral
2019/03/26 5:12:43 PM CST,16,2,22,Non-Binary,Half-Elf,,Homebrew,Arcane Archer,Chaotic Good
2019/03/26 5:13:24 PM CST,50,15,44,Male,Half-Elf,,Sorcerer,,Chaotic Good
2019/03/26 5:14:49 PM CST,4,3,36,Male,Elf,,Ranger,,Lawful Good
2019/03/26 5:17:51 PM CST,3,2,16,Male,Tiefling,,Cleric,,Chaotic Neutral
2019/03/26 5:20:01 PM CST,3,1,19,Female,Human,,Rogue,,Chaotic Good
2019/03/26 5:22:05 PM CST,1,1,24,Male,Tiefling,,Bard,,Neutral Good
2019/03/26 5:23:02 PM CST,2,3,14,Male,Human,,Sorcerer,,True Neutral
2019/03/26 5:23:26 PM CST,5,4,20,Non-Binary,Human,,Paladin,,Lawful Good
2019/03/26 5:24:07 PM CST,5,2,25,Female,Genasi,,Sorcerer,,Chaotic Neutral
2019/03/26 5:24:56 PM CST,11,3,23,Male,Homebrew,Beastman,Druid,,Chaotic Neutral
2019/03/26 5:32:53 PM CST,9,10,30,Female,Half-Elf,,Ranger,,Chaotic Good
2019/03/26 5:35:26 PM CST,5,3,25,Female,Gnome,,Homebrew,Necromancer,Chaotic Good
2019/03/26 5:37:56 PM CST,12,5,26,Female,Tiefling,,Bard,,Chaotic Neutral
2019/03/26 5:38:48 PM CST,3,2,22,Female,Half-Orc,,Cleric,,Lawful Neutral
2019/03/26 5:40:03 PM CST,16,5,23,Non-Binary,Genasi,,Sorcerer,,Chaotic Good
2019/03/26 5:41:50 PM CST,50,8,20,Male,Goblin,,Homebrew,Gunslinger,Chaotic Good
2019/03/26 5:50:22 PM CST,14,6,22,Female,Drow,,Wizard,,Neutral Evil
2019/03/26 5:58:27 PM CST,2,2,20,Non-Binary,Half-Elf,,Rogue,,True Neutral
2019/03/26 6:01:25 PM CST,10,1,19,Prefer not to say,Drow,,Cleric,,Chaotic Neutral
2019/03/26 6:02:08 PM CST,6,4,22,Female,Gnome,,Ranger,,Chaotic Good
2019/03/26 6:07:59 PM CST,2,1,24,Female,Dwarf,,Cleric,,Neutral Good
2019/03/26 6:08:06 PM CST,3,2,14,Prefer not to say,Tiefling,,Druid,,Chaotic Neutral
2019/03/26 6:10:53 PM CST,8,5,28,Non-Binary,Gnome,,Cleric,,Chaotic Neutral
2019/03/26 6:13:52 PM CST,3,2,27,Non-Binary,Elf,,Wizard,,Chaotic Good
2019/03/26 6:15:25 PM CST,2,1,17,Male,Dragonborn,,Paladin,,Chaotic Good
2019/03/26 6:15:44 PM CST,10,3,20,Female,Tiefling,,Rogue,,Chaotic Neutral
2019/03/26 6:18:28 PM CST,5,2,20,Female,Tiefling,,Warlock,,Chaotic Neutral
2019/03/26 6:20:04 PM CST,1,1,18,Female,Homebrew,Changeling,Rogue,,True Neutral
2019/03/26 6:22:15 PM CST,7,5,24,Non-Binary,Aasimar,,Cleric,,Lawful Neutral
2019/03/26 6:23:37 PM CST,6,3,21,Female,Human,,Sorcerer,,Chaotic Good
2019/03/26 6:23:43 PM CST,7,3,18,Female,Half-Elf,,Paladin,,Lawful Neutral
2019/03/26 6:25:47 PM CST,20,8,21,Non-Binary,Elf,,Homebrew,Gunslinger,Neutral Good
2019/03/26 6:26:44 PM CST,7,5,20,Male,Human,,Fighter,Paladin,Lawful Good
2019/03/26 6:28:08 PM CST,19,2,22,Male,Tabaxi,,Sorcerer,,Chaotic Neutral
2019/03/26 6:29:27 PM CST,4,3,21,Male,Dragonborn,,Bard,,Chaotic Good
2019/03/26 6:31:56 PM CST,42,3,19,Non-Binary,Homebrew,Android,Monk,,Lawful Good
2019/03/26 6:33:25 PM CST,15,10,19,Non-Binary,Orc,,Fighter,,Lawful Good
2019/03/26 6:34:46 PM CST,1,1,22,Female,Dragonborn,,Wizard,,Neutral Good
2019/03/26 6:34:50 PM CST,4,1,17,Female,Human,,Bard,,Lawful Neutral
2019/03/26 6:38:09 PM CST,40,8,22,Non-Binary,Lizardfolk,,Barbarian,,Chaotic Good
2019/03/26 6:39:37 PM CST,5,3,26,Male,Drow,,Warlock,,Lawful Evil
2019/03/26 6:40:12 PM CST,5,2,18,Female,Goblin,,Cleric,,Neutral Good
2019/03/26 6:44:26 PM CST,2,1,17,Male,Kobold,,Bard,,Lawful Evil
2019/03/26 6:44:44 PM CST,10,6,21,Female,Human,,Druid,,Neutral Good
2019/03/26 6:44:51 PM CST,6,3,28,Female,Homebrew,Half Elf/Tiefling,Fighter,Warlock,Chaotic Good
2019/03/26 6:45:17 PM CST,8,1,16,Female,Homebrew,Narehate,Homebrew,Shadow Monk,Chaotic Good
2019/03/26 6:51:46 PM CST,4,2,18,Non-Binary,Homebrew,Skeleton,Paladin,,Lawful Neutral
2019/03/26 7:00:34 PM CST,5,3,19,Male,Kobold,,Paladin,,Lawful Good
2019/03/26 7:05:28 PM CST,2,1,25,Female,Halfling,,Ranger,,Lawful Neutral
2019/03/26 7:07:46 PM CST,50,10,19,Non-Binary,Gnome,,Fighter,Sorcerer,Chaotic Good
2019/03/26 7:15:02 PM CST,6,3,23,Female,Human,,Barbarian,,Chaotic Good
2019/03/26 7:16:09 PM CST,10,2,22,Male,Homebrew,Tortle,Paladin,,Lawful Good
2019/03/26 7:18:52 PM CST,13,7,21,Male,Aasimar,,Homebrew,Temptress,Chaotic Neutral
2019/03/26 7:19:28 PM CST,6,3,32,Male,Tabaxi,,Bard,,Lawful Neutral
2019/03/26 7:22:26 PM CST,6,4,18,Female,Lizardfolk,,Barbarian,,True Neutral
2019/03/26 7:25:14 PM CST,7,6,25,Female,Tiefling,,Rogue,,Chaotic Good
2019/03/26 7:26:35 PM CST,1,1,5,Male,Human,,Monk,,True Neutral
2019/03/26 7:31:23 PM CST,3,4,18,Non-Binary,Dragonborn,,Paladin,,Neutral Good
2019/03/26 7:33:44 PM CST,2,2,27,Non-Binary,Kenku,,Rogue,,Chaotic Neutral
2019/03/26 7:35:10 PM CST,3,2,15,Female,Elf,,Bard,,Chaotic Neutral
2019/03/26 7:44:07 PM CST,5,2,24,Non-Binary,Homebrew,Gnoll,Sorcerer,,Chaotic Good
2019/03/26 7:50:57 PM CST,26,10,25,Male,Dragonborn,,Cleric,,Lawful Evil
2019/03/26 7:52:51 PM CST,20,10,28,Female,Drow,,Cleric,,Chaotic Good
2019/03/26 7:53:31 PM CST,2,3,17,Female,Human,,Druid,,Neutral Evil
2019/03/26 7:54:42 PM CST,5,12,29,Female,Halfling,,Sorcerer,,Chaotic Good
2019/03/26 8:00:07 PM CST,9,13,31,Female,Human,,Wizard,,Chaotic Good
2019/03/26 8:06:04 PM CST,5,4,27,Male,Goblin,,Warlock,,Chaotic Neutral
2019/03/26 8:13:01 PM CST,5,2,27,Female,Gnome,,Rogue,,True Neutral
2019/03/26 8:23:14 PM CST,17,2,24,Male,Elf,,Fighter,,Chaotic Neutral
2019/03/26 8:30:42 PM CST,5,2,18,Male,Tabaxi,,Rogue,,Chaotic Good
2019/03/26 8:31:48 PM CST,2,3,15,Non-Binary,Dragonborn,,Rogue,,Neutral Good
2019/03/26 8:37:54 PM CST,3,1,18,Male,Halfling,,Bard,,Neutral Good
2019/03/26 8:38:12 PM CST,2,1,25,Female,Half-Elf,,Warlock,,Chaotic Neutral
2019/03/26 8:41:35 PM CST,5,5,27,Non-Binary,Half-Elf,,Sorcerer,,Chaotic Good
2019/03/26 8:43:08 PM CST,8,3,22,Non-Binary,Tiefling,,Fighter,Paladin,Lawful Good
2019/03/26 8:44:09 PM CST,7,3,17,Non-Binary,Tiefling,,Druid,,Chaotic Neutral
2019/03/26 8:46:36 PM CST,5,1,19,Female,Human,,Warlock,,True Neutral
2019/03/26 8:53:23 AM CST,25,13,29,Male,Kobold,,Rogue,,Chaotic Good
2019/03/26 8:54:33 PM CST,2,2,21,Female,Dwarf,,Barbarian,,Neutral Good
2019/03/26 9:04:10 PM CST,2,3,21,Female,Orc,,Barbarian,,True Neutral
2019/03/26 9:04:31 PM CST,1,3,23,Female,Aasimar,,Paladin,,Lawful Good
2019/03/26 9:07:27 PM CST,20,11,23,Female,Orc,,Fighter,,Neutral Good
2019/03/26 9:10:52 PM CST,2,2,21,Female,Tiefling,,Wizard,,Lawful Good
2019/03/26 9:14:34 PM CST,10,4,23,Male,Half-Elf,,Sorcerer,,Chaotic Good
2019/03/26 9:14:36 PM CST,2,1,23,Non-Binary,Elf,,Paladin,,Lawful Good
2019/03/26 9:32:21 PM CST,3,1,17,Female,Dragonborn,,Rogue,,Neutral Evil
2019/03/26 9:39:58 PM CST,12,14,26,Male,Elf,,Wizard,,Neutral Good
2019/03/26 9:48:54 PM CST,1,1,18,Male,Elf,,Ranger,,Chaotic Neutral
2019/03/26 9:57:07 PM CST,20,1,24,Prefer not to say,Half-Orc,,Bard,Rogue,True Neutral
2019/03/26 9:59:27 PM CST,1,1,26,Female,Orc,,Barbarian,,Neutral Good
2019/03/27 1:13:35 AM CST,3,3,21,Female,Half-Elf,,Rogue,,Chaotic Evil
2019/03/27 1:17:59 PM CST,2,1,34,Female,Half-Orc,,Monk,,Neutral Good
2019/03/27 10:07:18 AM CST,4,2,17,Male,Tiefling,,Druid,,True Neutral
2019/03/27 10:16:30 AM CST,5,6,27,Non-Binary,Dwarf,,Barbarian,,Chaotic Good
2019/03/27 10:30:47 AM CST,1,1,21,Male,Elf,,Fighter,,Lawful Good
2019/03/27 10:31:20 AM CST,15,6,23,Female,Human,,Paladin,,Neutral Evil
2019/03/27 10:46:46 AM CST,5,3,17,Non-Binary,Drow,,Barbarian,,Chaotic Good
2019/03/27 11:33:31 AM CST,2,3,21,Male,Half-Elf,,Bard,,Neutral Good
2019/03/27 12:09:19 AM CST,6,3,22,Male,Half-Elf,,Fighter,Barbarian,Lawful Neutral
2019/03/27 12:14:48 AM CST,4,4,22,Female,Half-Elf,,Bard,,True Neutral
2019/03/27 12:42:16 AM CST,8,3,25,Female,Tiefling,,Ranger,Rogue,Chaotic Evil
2019/03/27 12:43:27 PM CST,20,4,32,Female,Tiefling,,Rogue,Paladin,Lawful Good
2019/03/27 12:47:05 AM CST,6,2,17,Female,Halfling,,Rogue,,Lawful Good
2019/03/27 12:47:19 PM CST,1,1,26,Agender,Tiefling,,Rogue,,Chaotic Good
2019/03/27 2:06:52 PM CST,5,7,34,Male,Kenku,,Warlock,,Chaotic Good
2019/03/27 2:14:36 PM CST,13,1,35,Female,Tiefling,,Wizard,,Lawful Neutral
2019/03/27 3:05:12 AM CST,6,3,25,Male,Gnome,,Rogue,,Chaotic Good
2019/03/27 3:41:52 PM CST,2,1,15,Female,Halfling,,Ranger,,Lawful Good
2019/03/27 3:42:47 AM CST,6,3,20,Female,Tiefling,,Bard,,Chaotic Good
2019/03/27 3:54:42 AM CST,100,10,33,Male,Half-Elf,,Homebrew,Disciple,Chaotic Good
2019/03/27 4:48:23 PM CST,5,20,38,Female,Human,,Cleric,,Chaotic Good
2019/03/27 4:49:49 AM CST,2,1,15,Prefer not to say,Gnome,,Druid,,Chaotic Good
2019/03/27 4:51:57 PM CST,6,3,28,Female,Tiefling,,Wizard,,Neutral Good
2019/03/27 4:53:50 PM CST,7,3,30,Female,Half-Orc,,Bard,,Neutral Good
2019/03/27 4:58:23 AM CST,7,1,19,Female,Genasi,,Cleric,,Lawful Neutral
2019/03/27 4:59:36 AM CST,4,3,31,Female,Human,,Bard,,Neutral Good
2019/03/27 5:00:59 PM CST,60,10,24,Male,Human,,Fighter,,Neutral Good
2019/03/27 5:20:50 AM CST,10,3,21,Male,Half-Elf,,Sorcerer,,Chaotic Good
2019/03/27 6:20:54 PM CST,8,6,25,Non-Binary,Homebrew,Dhampir,Fighter,,Chaotic Good
2019/03/27 7:56:29 AM CST,5,6,29,Genderfluid,Half-Elf,,Wizard,Bard,True Neutral
2019/03/27 8:31:25 PM CST,3,1,26,Female,Half-Elf,,Druid,,True Neutral
2019/03/27 8:34:41 PM CST,7,4,22,Female,Human,,Fighter,,Chaotic Good
2019/03/27 9:18:11 AM CST,6,2,16,Female,Elf,,Rogue,,Chaotic Good
2019/03/27 9:20:29 AM CST,5,5,18,Male,Tiefling,,Fighter,,Chaotic Good
2019/03/27 9:23:23 AM CST,1,2,16,Male,Human,,Cleric,,Chaotic Neutral
2019/03/27 9:25:54 AM CST,4,1,22,Male,Dragonborn,,Fighter,,Neutral Good
2019/03/27 9:29:17 AM CST,3,1,19,Female,Drow,,Sorcerer,,Lawful Evil
2019/03/27 9:36:30 AM CST,2,1,14,Female,Half-Orc,,Fighter,,Neutral Good
2019/03/28 10:55:28 PM CST,10,7,26,Female,Orc,,Barbarian,,Neutral Good
2019/03/28 5:40:20 AM CST,5,3,23,Female,Tiefling,,Rogue,,Chaotic Neutral
2019/03/28 6:54:00 PM CST,4,3,20,Male,Homebrew,Changeling,Wizard,,Lawful Evil
2019/03/29 7:04:18 PM CST,27,14,26,Female,Homebrew,Shifter,Paladin,Druid,Neutral Good
2019/03/29 7:11:59 PM CST,5,7,27,Female,Homebrew,AW,Druid,,Chaotic Good
2019/03/29 7:32:55 PM CST,5,3,20,Female,Half-Orc,,Cleric,,Lawful Good
2019/03/29 7:41:06 PM CST,3,1,18,Female,Gnome,,Wizard,,Chaotic Neutral
2019/03/30 2:51:38 PM CST,7,1,22,Female,Tiefling,,Paladin,,Neutral Good
2019/03/31 11:17:03 AM CST,10,9,28,Female,Homebrew,Silverbrow,Paladin,,Lawful Good
2019/03/31 11:22:21 AM CST,5,2,23,Female,Tiefling,,Cleric,,Lawful Good
2019/03/31 4:15:59 PM CST,3,2,15,Female,Kenku,,Bard,,Chaotic Good
2019/03/31 7:54:32 AM CST,5,4,19,Male,Dragonborn,,Monk,,Neutral Good
2019/03/31 8:21:50 AM CST,5,8,28,Female,Drow,,Bard,,Neutral Good
2019/03/31 8:22:59 AM CST,10,13,31,Female,Tiefling,,Rogue,,Chaotic Good
2019/03/31 8:35:02 AM CST,7,1,20,Female,Tiefling,,Monk,,Chaotic Good
2019/04/01 1:16:59 AM CST,3,5,28,Female,Tiefling,,Warlock,,Chaotic Neutral
2019/04/01 1:23:59 AM CST,2,1,25,Female,Homebrew,Centaur,Cleric,Ranger,Lawful Good
2019/04/01 11:06:04 AM CST,100,14,25,Male,Aasimar,,Sorcerer,,Chaotic Good
2019/04/01 12:43:52 AM CST,20,36,45,Male,Elf,,Fighter,,Chaotic Good
2019/04/01 12:48:53 AM CST,9,4,22,Female,Tiefling,,Monk,,Neutral Good
2019/04/01 5:14:51 PM CST,3,3,17,Non-Binary,Human,,Warlock,,Lawful Evil
2019/04/03 7:59:59 PM CST,2,2,17,Female,Human,,Sorcerer,,Chaotic Good
2019/04/04 8:47:06 AM CST,7,2,16,Prefer not to say,Drow,,Homebrew,Chained Ancient,Chaotic Evil
2019/04/04 9:07:45 AM CST,3,5,19,Male,Half-Orc,,Cleric,,Lawful Good
2019/04/05 9:09:29 PM CST,1,1,27,Female,Gnome,,Wizard,,Lawful Neutral
2019/04/07 8:49:00 PM CDT,1,2,27,Female,Homebrew,Mermaid,Bard,,Chaotic Neutral
4/21/2019 3:57,8,10,31,Female,Half-Orc,,Cleric,,Lawful Good
4/29/2019 8:29,3,2,19,Male,Half-Elf,,Barbarian,,Neutral Evil
